"name","label","region","district","ta"
"DE030072","Bembeke Health Centre","Central","Dedza","TA Kamenya Gwaza"
"DE030191","Chikuse Health Centre","Central","Dedza","TA Kasumbu"
"DE030228","Chimoto Health Centre","Central","Dedza","TA Kachere"
"DE030294","Chitowo Health Centre","Central","Dedza","TA Kaphuka"
"DE030313","Chongoni Health Dispensary","Central","Dedza","TA Kasumbu"
"DE030334","Dedza District Hospital","Central","Dedza","TA Kamenya Gwaza"
"DE030371","Dzindevu Health Centre","Central","Dedza","TA Kasumbu"
"DE030430","Golomoti Health Centre","Central","Dedza","TA Kachindamoto"
"DE030487","Kachindamoto Health Centre","Central","Dedza","TA Kachindamoto"
"DE030491","Kafere Health Centre","Central","Dedza","TA Kachere"
"DE030507","Kalulu Health Centre","Central","Dedza","TA Tambala"
"DE030532","Mdeza Health Centre","Central","Dedza","TA Chilikumwendo"
"DE030542","Kanyama Health Centre","Central","Dedza","TA Kasumbu"
"DE030546","Kanyezi Health Centre","Central","Dedza","TA Chilikumwendo"
"DE030560","Kaphuka Health Centre","Central","Dedza","TA Kaphuka"
"DE030580","Kasina Health Centre","Central","Dedza","TA Kaphuka"
"DE030604","Kaundu Health Centre","Central","Dedza","TA Kachindamoto"
"DE030708","Lobi Health Centre","Central","Dedza","TA Kachere"
"DE030836","Maonde Health Centre","Central","Dedza","TA Kachere"
"DE030864","Matumba Rural Hospital","Central","Dedza","TA Chilikumwendo"
"DE030869","Mayani Health Centre","Central","Dedza","TA Tambala"
"DE030901","Mdeza Health Centre","Central","Dedza","TA Chilikumwendo"
"DE030910","Mganja Health Centre","Central","Dedza","TA Kachindamoto"
"DE030923","Mikondo Health Centre","Central","Dedza","TA Kachere"
"DE030946","Mjini Health Centre","Central","Dedza","TA Tambala"
"DE030964","Mlangali Health Dispensary","Central","Dedza","TA Kachere"
"DE031001","Mphathi Health Centre","Central","Dedza","TA Kachere"
"DE031008","Mphunzi Health Centre","Central","Dedza","TA Kachere"
"DE031023","Mtakataka Health Centre","Central","Dedza","TA Kachindamoto"
"DE031030","Mtendere Health Centre","Central","Dedza","TA Kachere"
"DE031041","Mua Mission Hospital","Central","Dedza","TA Kachindamoto"
"DE031107","Nakalazi Health Centre","Central","Dedza","TA Kachindamoto"
"DE031352","St Joseph's Chiphwanya Health Centre","Central","Dedza","TA Tambala"
"DE031445","Tsoyo Dispensary","Central","Dedza","TA Chauma"
"DE031539","Mtakataka Police College Health Centre","Central","Dedza","TA Kachindamoto"
"DE031586","Bema Health Dispensary","Central","Dedza","TA Kachere"
"DE031587","Chejero Health Post","Central","Dedza","TA Kachindamoto"
"DE031588","Chiluzi Health Post","Central","Dedza","TA Kasumbu"
"DE031589","Chinkombero Dispensary","Central","Dedza","TA Kamenya Gwaza"
"DE031591","Tchetsa Dispensary","Central","Dedza","TA Tambala"
"DE031708","Magomero Dispensary","Central","Dedza","TA Chilikumwendo"
"DE031765","Linthipe Pvt Clinic","Central","Dedza","TA Kaphuka"
"DE031766","St Cornelius Health Centre","Central","Dedza","TA Kachere"
"DE031883","Dedza Prison","Central","Dedza","TA Kasumbu"
"DA020111","Bowe Health Centre","Central","Dowa","TA Chakhaza"
"DA020140","Chakhaza Health Centre","Central","Dowa","TA Chakhaza"
"DA020153","Chankhungu Health Centre","Central","Dowa","TA Mkukula"
"DA020166","Chezi Health Centre","Central","Dowa","TA Chiwere"
"DA020243","Chinkhwiri Health Centre","Central","Dowa","TA Chakhaza"
"DA020269","Chisepo Health Centre","Central","Dowa","TA Kayembe"
"DA020306","Chizolowondo Health Centre","Central","Dowa","TA Chakhaza"
"DA020350","Dowa District Hospital","Central","Dowa","TA Msakambewa"
"DA020366","Dzaleka Health Centre","Central","Dowa","TA Mkukula"
"DA020375","Dzoole Health Centre","Central","Dowa","TA Dzoole"
"DA020616","Kayembe Health Centre","Central","Dowa","TA Kayembe"
"DA020769","Madisi Mission","Central","Dowa","TA Chakhaza"
"DA020885","Mbingwa Health Centre","Central","Dowa","TA Kayembe"
"DA021015","Mponela Rural Hospital","Central","Dowa","TA Mponela"
"DA021060","Mvera Army Health Centre","Central","Dowa","TA Mkukula"
"DA021061","Mvera Mission","Central","Dowa","TA Chiwere"
"DA021075","Mwangala Health Centre","Central","Dowa","TA Msakambewa"
"DA021108","Nalunga Health Centre","Central","Dowa","TA Chiwere"
"DA021418","Thonje Health Centre","Central","Dowa","TA Chiwere"
"DA02157","Mtengowanthenga Community Hospital","Central","Dowa","TA Mkukula"
"DA021715","Nambuma Health Centre","Central","Dowa","TA Kayembe"
"DA1322","Kasese Health Centre","Central","Dowa","TA Chakhaza"
"DA1323","Matekenya Health Centre","Central","Dowa","TA Msakambewa"
"DA1324","Grace Alliance","Central","Dowa","TA Chiwere"
"DA1325","Wandikweza Health Centre","Central","Dowa","TA Chakhaza"
"1038","Chilanga Health Centre","Central","Kasungu","TA Kaomba"
"KU070030","Anchor Farm Health Centre","Central","Kasungu","TA Santhe"
"KU070113","Bua Health Centre","Central","Kasungu","TA Njombwa"
"KU070142","Chamama Health Centre","Central","Kasungu","TA Wimbe"
"KU070148","Chamwabvi Health Centre","Central","Kasungu","TA Chilowamatambe"
"KU070248","Chinyama Health Centre","Central","Kasungu","TA Chinyama"
"KU070272","Mpepa Health Centre","Central","Kasungu","STA Chisinga"
"KU070314","Chulu Health Centre","Central","Kasungu","TA Chulu"
"KU070363","Dwangwa Dispensary","Central","Kasungu","TA Mphomwa"
"KU070404","Family Planning Association Of Malawi","Central","Kasungu","TA Kaomba"
"KU070428","Gogode Health Centre","Central","Kasungu","TA Kaomba"
"KU070509","Kaluluma Rural Hospital","Central","Kasungu","TA Kaluluma"
"KU070518","Kamboni Health Centre","Central","Kasungu","STA Nthunduwala"
"KU070553","Kapelula Health Centre","Central","Kasungu","TA Kapelula"
"KU070568","Kapyanga Health Centre","Central","Kasungu","TA Wimbe"
"KU070572","Kasalika Health Centre","Central","Kasungu","TA Kaomba"
"KU070588","Kasungu District Hospital","Central","Kasungu","TA Kaomba"
"KU070612","Kawamba Health Centre","Central","Kasungu","TA Kawamba"
"KU070625","Khola Health Centre","Central","Kasungu","TA Nyaza"
"KU070640","Mziza Health Centre","Central","Kasungu","TA Njombwa"
"KU070696","Linyangwa Health Centre","Central","Kasungu","TA Lukwa"
"KU070703","Livwezi Health Centre","Central","Kasungu","TA Wimbe"
"KU070709","Lodjwa Health Centre","Central","Kasungu","STA Chisikwa"
"KU070902","Mdunga Health Centre","Central","Kasungu","TA Mdunga"
"KU070950","Mkhota Health Centre","Central","Kasungu","TA Santhe"
"KU070976","Mnyanja Health Centre","Central","Kasungu","TA M'nyanja"
"KU070994","Newa/Mpasazi Health Centre","Central","Kasungu","STA Chisinga"
"KU071191","Nkhamenya Rural Hospital","Central","Kasungu","TA Kaluluma"
"KU071247","Ofesi Health Centre","Central","Kasungu","TA M'nyanja"
"KU071320","Santhe Health Centre","Central","Kasungu","TA Santhe"
"KU071332","Simlemba Health Centre","Central","Kasungu","TA Simlemba"
"KU071358","St. Andrews Health Centre","Central","Kasungu","TA Chinyama"
"KU071361","St. Faith Anglican Clinic","Central","Kasungu","TA Wimbe"
"KU071490","Wimbe Health Centre","Central","Kasungu","TA Wimbe"
"KU071728","St. Denis Health Centre","Central","Kasungu","TA Mangwazu"
"KU071807","Kakwale Health Centre","Central","Kasungu","TA Kaluluma"
"KU071844","Chambwe Health Centre","Central","Kasungu","STA Chambwe"
"KU071925","Kapichira Health Centre","Central","Kasungu","STA Kapichira"
"KU1011","Mtunthama Health Centre","Central","Kasungu","TA Chinyama"
"LL040007","ABC Community Hospital","Central","Lilongwe","TA Njewa"
"LL040033","Area 18 Health Centre","Central","Lilongwe","TA Chitukula"
"LL040037","Area 25 Health Centre","Central","Lilongwe","TA Chitukula"
"LL040122","Bwaila Hospital","Central","Lilongwe","TA Tsabango"
"LL040137","Chadza Health Centre","Central","Lilongwe","TA Chadza"
"LL040188","Chikowa Health Centre","Central","Lilongwe","TA Kabudula"
"LL040200","Child Legacy Community Hospital","Central","Lilongwe","TA Kalolo"
"LL040203","Chileka Health Centre","Central","Lilongwe","TA Kalolo"
"LL040209","Chilinde Community Hospital","Central","Lilongwe","TA Tsabango"
"LL040214","Chilobwe/Majiga Health Centre","Central","Lilongwe","TA Khongoni"
"LL040225","Chimbalanga Health Centre","Central","Lilongwe","TA Chitekwere"
"LL040282","Chitedze Health Centre","Central","Lilongwe","TA Njewa"
"LL040298","Chiunjiza Health Centre","Central","Lilongwe","TA Masula"
"LL040299","Chiwamba Health Centre","Central","Lilongwe","TA Chimutu"
"LL040301","Chiwe Health Centre","Central","Lilongwe","TA Kalolo"
"LL040303","Chiwoza Health Centre","Central","Lilongwe","TA Chiseka"
"LL040325","Daeyang Luke Hospital","Central","Lilongwe","TA Chitukula"
"LL040340","Dickson Health Centre","Central","Lilongwe","TA Masula"
"LL040368","Dzenza Health Centre","Central","Lilongwe","TA Chitukula"
"LL040479","Kabudula Rural Hospital","Central","Lilongwe","TA Kabudula"
"LL040529","Kamuzu Central Hospital","Central","Lilongwe","TA Tsabango"
"LL040536","Kang'oma Health Centre","Central","Lilongwe","TA Tsabango"
"LL040593","Katchale Health Centre","Central","Lilongwe","TA Chadza"
"LL040610","Kawale Health Centre","Central","Lilongwe","TA Tsabango"
"LL040629","Khongoni Health Centre","Central","Lilongwe","TA Khongoni"
"LL040655","Lemwe Health Centre","Central","Lilongwe","TA Kalolo"
"LL040671","Likuni Mission Hospital","Central","Lilongwe","TA Malili"
"LL040719","Lumbadzi Health Centre","Central","Lilongwe","TA Chitukula"
"LL040809","Malembo Health Centre","Central","Lilongwe","TA Kabudula"
"LL040814","Malingunde Health Centre","Central","Lilongwe","TA Malili"
"LL040822","Maluwa Health Centre","Central","Lilongwe","TA Chadza"
"LL040855","Matapila Health Centre","Central","Lilongwe","TA Mazengera"
"LL040872","Mbabvi Health Centre","Central","Lilongwe","TA Njewa"
"LL040877","Mbang'ombe 2 Health Centre","Central","Lilongwe","TA Kalolo"
"LL040878","Mbang'ombe 1 Health Centre","Central","Lilongwe","STA Mbang'ombe"
"LL040892","Mbwatalika Health Centre","Central","Lilongwe","TA M'bwatalika"
"LL040932","Ming'ong'o Health Centre","Central","Lilongwe","TA Kalolo"
"LL040945","Mitundu Community Hospital","Central","Lilongwe","TA Chiseka"
"LL040961","Mlale Community Hospital","Central","Lilongwe","TA Chiseka"
"LL040975","Mngwangwa Health Post","Central","Lilongwe","TA Kabudula"
"LL041016","Mseche Health Centre","Central","Lilongwe","TA Chimutu"
"LL041034","Mtenthela Health Centre","Central","Lilongwe","TA Mazengera"
"LL041124","Nambuma Health Centre","Central","Lilongwe","TA Kabudula"
"LL041146","Nathenje Health Centre","Central","Lilongwe","TA Chadza"
"LL041155","Ndaula Health Centre","Central","Lilongwe","TA Masumbankhunda"
"LL041179","Ngoni Health Centre","Central","Lilongwe","TA Mtema"
"LL041197","Nkhoma Mission Hospital","Central","Lilongwe","TA Mazengera"
"LL041213","Nsalu Health Centre","Central","Lilongwe","TA Kabudula"
"LL041232","Nthondo Health Centre","Central","Lilongwe","TA Kalolo"
"LL041243","Nyanja Health Post","Central","Lilongwe","TA Kalumbu"
"LL041362","St. Gabriel Mission Hospital","Central","Lilongwe","TA Kalolo"
"LL041451","Ukwe Health Centre","Central","Lilongwe","TA Kabudula"
"LL041532","Diamphwe Health Centre","Central","Lilongwe","TA Mazengera"
"LL041620","St. Chavala Health Centre","Central","Lilongwe","TA Chitukula"
"LL041748","Nguluwe Ntoo","Central","Lilongwe","TA Malili"
"LL041843","Biwi Health Centre","Central","Lilongwe","TA Tsabango"
"LL042136","Beni Health Centre","Central","Lilongwe","TA Masula"
"LL042137","Mwenda Health Centre","Central","Lilongwe","TA Chiseka"
"LL15100","St. Kizito Health Centre","Central","Lilongwe","TA Njewa"
"LL15115","Sauzawana Health Centre","Central","Lilongwe","TA Njewa"
"LL15116","Milamba Health Centre","Central","Lilongwe","TA Mazengera"
"LL15118","Chigodi Health Centre","Central","Lilongwe","TA Mazengera"
"LL15121","Chiponde Health Centre","Central","Lilongwe","TA Chimutu"
"LL15123","Chitsime Health Centre","Central","Lilongwe","TA Chiseka"
"LL4038","Blessings Hospital","Central","Lilongwe","TA Chitukula"
"LL4050","Bunda Health Centre","Central","Lilongwe","TA Chadza"
"MC010232","Chimwankango Dispensary","Central","Mchinji","STA Gumba"
"MC010251","Chioshya Health Centre","Central","Mchinji","TA Simphasi"
"MC010252","Mphanga Health Post","Central","Mchinji","TA Simphasi"
"MC010259","Chipumi Health Centre","Central","Mchinji","TA Kapondo"
"MC010407","Fanuel Dispensary","Central","Mchinji","STA Pitala"
"MC010441","Gumba Health Post","Central","Mchinji","STA Gumba"
"MC010494","Kaigwazanga Health Centre","Central","Mchinji","TA Mkanda"
"MC010551","Kapanga Health Centre","Central","Mchinji","TA Mavwere"
"MC010564","Kapiri Community Hospital","Central","Mchinji","TA Dambe"
"MC010637","Kochilira Rural Hospital","Central","Mchinji","TA Zulu"
"MC010711","St. Joseph Hospital","Central","Mchinji","TA Zulu"
"MC010898","Chiute Health Post","Central","Mchinji","TA Zulu"
"MC010899","Sitolo Health Post","Central","Mchinji","TA Mlonyeni"
"MC010925","Kazira Health Post","Central","Mchinji","TA Mduwa"
"MC010926","Lunthwe Health Post","Central","Mchinji","TA Mduwa"
"MC010947","Katutula Health Post","Central","Mchinji","TA Mkanda"
"MC011131","Namizana Clinic","Central","Mchinji","TA Mavwere"
"MC011206","Bua Health Post","Central","Mchinji","TA Mavwere"
"MC011376","St. Michael-Guillime","Central","Mchinji","TA Zulu"
"MC011397","Tembwe Health Centre","Central","Mchinji","TA Mlonyeni"
"MC011635","Tongozara Health Post","Central","Mchinji","TA Mkanda"
"MC011711","Mzama Health Post","Central","Mchinji","TA Mduwa"
"MC011864","Mchinji Blm Clinic","Central","Mchinji","TA Zulu"
"MC011865","Mchinji Wellness Centre","Central","Mchinji","TA Mlonyeni"
"MC011907","Nafuse Health Centre","Central","Mchinji","TA Kawere"
"MC011909","Mphelero Health Centre","Central","Mchinji","STA Nyoka"
"MC01614","Kazyozyo Health Centre","Central","Mchinji","TA Kazyozyo"
"MCO11206","Gumulira Health Post","Central","Mchinji","TA Mlonyeni"
"NK100019","Alinafe Community Hospital","Central","Nkhotakota","TA Mwadzama"
"NK100073","Benga Health Centre","Central","Nkhotakota","TA Mwadzama"
"NK100114","Bua Health Centre","Central","Nkhotakota","TA Mphonde"
"NK100171","Chididi Health Centre","Central","Nkhotakota","STA Kalimanjira"
"NK100360","Dwambazi Rural Hospital","Central","Nkhotakota","TA Kamphambale"
"NK100362","Dwangwa Cane Growers Limited","Central","Nkhotakota","TA Kanyenda"
"NK100562","Kapiri Health Centre","Central","Nkhotakota","TA Mwadzama"
"NK100583","Kasitu Health Centre","Central","Nkhotakota","TA Kafuzila"
"NK100597","Katimbira Health Centre","Central","Nkhotakota","TA Kanyenda"
"NK100704","Liwaladzi Health Centre","Central","Nkhotakota","TA Kanyenda"
"NK100728","Lupachi Health Centre","Central","Nkhotakota","STA Katumbi"
"NK100819","Malowa Health Centre","Central","Nkhotakota","TA Nkhanga"
"NK100991","Mpamantha Health Centre","Central","Nkhotakota","STA Kalimanjira"
"NK101018","Msenjere Health Centre","Central","Nkhotakota","TA Kanyenda"
"NK101038","Mtosa Health Centre","Central","Nkhotakota","TA Mwadzama"
"NK101077","Mwansambo Health Centre","Central","Nkhotakota","TA Mwansambo"
"NK101169","Ngala Health Centre","Central","Nkhotakota","TA Kanyenda"
"NK101204","Nkhunga Health Centre","Central","Nkhotakota","TA Kanyenda"
"NK101360","St Anne's Mission Hospital","Central","Nkhotakota","TA Malengachanzi"
"NK101492","World Medical Fund Clinic","Central","Nkhotakota","TA Malengachanzi"
"NK101534","Matiki Private Health Centre","Central","Nkhotakota","TA Kanyenda"
"NK101536","Kaongozi Health Centre","Central","Nkhotakota","TA Kanyenda"
"NK101784","Nkhotakota District Hospital","Central","Nkhotakota","TA Malengachanzi"
"NK101888","Shukurani Community Clinic","Central","Nkhotakota","TA Mwadzama"
"NT120065","Bayani Health Post","Central","Ntcheu","TA Mpando"
"NT120080","Bilila Health Centre","Central","Ntcheu","TA Makwangwala"
"NT120081","Biliwiri Health Centre","Central","Ntcheu","TA Njolomole"
"NT120123","Bwanje Health Centre","Central","Ntcheu","TA Goodson Ganya"
"NT120147","Champiti Health Centre","Central","Ntcheu","TA Champiti"
"NT120178","Chigodi Health Centre","Central","Ntcheu","TA Goodson Ganya"
"NT120182","Chikande Health Centre","Central","Ntcheu","STA Mkutumula"
"NT120186","Chikowa Dispensary","Central","Ntcheu","TA Phambala"
"NT120349","Doviko Health Centre","Central","Ntcheu","TA Mpando"
"NT120376","Dzunje Health Centre","Central","Ntcheu","TA Kwataine"
"NT120416","Ganya Health Centre","Central","Ntcheu","TA Goodson Ganya"
"NT120437","Gowa Health Centre","Central","Ntcheu","TA Njolomole"
"NT120500","Kalimanjira Health Centre","Central","Ntcheu","STA Mkutumula"
"NT120521","Kampanje Health Centre","Central","Ntcheu","TA Njolomole"
"NT120534","Kandeu Health Centre","Central","Ntcheu","TA Goodson Ganya"
"NT120557","Kapeni Health Centre","Central","Ntcheu","TA Phambala"
"NT120581","Kasinje Health Centre","Central","Ntcheu","TA Goodson Ganya"
"NT120601","Katsekera Health Centre","Central","Ntcheu","TA Mpando"
"NT120652","Lake View Health Centre","Central","Ntcheu","TA Njolomole"
"NT120707","Lizulu Health Centre","Central","Ntcheu","TA Chakhumbira"
"NT120751","Machereza Health Post","Central","Ntcheu","STA Tsikulamowa"
"NT120831","Manjawira Health Centre","Central","Ntcheu","STA Tsikulamowa"
"NT120844","Masasa Dispensary","Central","Ntcheu","TA Masasa"
"NT120853","Matanda Health Centre","Central","Ntcheu","TA Mpando"
"NT120963","Mlanda Health Centre","Central","Ntcheu","TA Chakhumbira"
"NT120965","Mlangeni Health Centre","Central","Ntcheu","TA Njolomole"
"NT121003","Mphepozinayi Dispensary","Central","Ntcheu","TA Njolomole"
"NT121037","Mtonda Health Centre","Central","Ntcheu","TA Phambala"
"NT121050","Muluma Dispensary","Central","Ntcheu","TA Njolomole"
"NT121091","Mzama Health Centre","Central","Ntcheu","TA Mpando"
"NT121218","Nsipe Rural Hospital","Central","Ntcheu","TA Makwangwala"
"NT121219","Nsiyaludzu Health Centre","Central","Ntcheu","TA Makwangwala"
"NT121225","Ntcheu District Hospital","Central","Ntcheu","TA Kwataine"
"NT121265","Phanga Dispensary","Central","Ntcheu","TA Masasa"
"NT121327","Senzani Health Centre","Central","Ntcheu","STA Tsikulamowa"
"NT121329","Sharpe Valley Health Centre","Central","Ntcheu","TA Goodson Ganya"
"NT121349","Sr. Tereza Rural Hospital","Central","Ntcheu","TA Phambala"
"NT121444","Tsangano Health Centre","Central","Ntcheu","TA Mpando"
"NT121767","Dochas Health Centre","Central","Ntcheu","TA Mpando"
"NT121778","Doviko Dispensery","Central","Ntcheu","TA Mpando"
"NT080239","Chinguluwe Health Centre","Central","Ntchisi","TA Chilooko"
"NT080247","Chinthembwe Health Centre","Central","Ntchisi","TA Vuso Jere"
"NT080525","Kamsonga Health Centre","Central","Ntchisi","TA Malenga"
"NT080537","Kangolwa Health Centre","Central","Ntchisi","TA Kasakula"
"NT080634","Khuwi Health Centre","Central","Ntchisi","TA Kalumo"
"NT080801","Malambo Health Centre","Central","Ntchisi","TA Chilooko"
"NT080818","Malomo Health Centre","Central","Ntchisi","TA Chilooko"
"NT080951","Mkhuzi Health Centre","Central","Ntchisi","TA Kalumo"
"NT080974","Mndinda Health Centre","Central","Ntchisi","TA Nthondo"
"NT081093","Mzandu Health Centre","Central","Ntchisi","TA Chikho"
"NT081226","Ntchisi District Hospital","Central","Ntchisi","TA Kalumo"
"NT081231","Nthondo Health Centre","Central","Ntchisi","TA Nthondo"
"NT081314","Sambakunsi Health Centre","Central","Ntchisi","TA Nthondo"
"NT081515","Chasolo Dispensary","Central","Ntchisi","TA Chilooko"
"NT081517","Chinkhande Health Centre","Central","Ntchisi","TA Vuso Jere"
"NT081679","Chafumbwa Health Post","Central","Ntchisi","TA Vuso Jere"
"NT081680","Chanjoka Health Post","Central","Ntchisi","TA Nthondo"
"NT081681","Chazim'bobo Health Post","Central","Ntchisi","TA Kasakula"
"NT081682","Mndimba Health Post","Central","Ntchisi","TA Chilooko"
"NT081683","Mthiransembe Health Post","Central","Ntchisi","TA Chilooko"
"NT081687","Nyanga Health Post","Central","Ntchisi","TA Vuso Jere"
"NT081885","Malindi Dispensary","Central","Ntchisi","TA Chikho"
"NT081886","Chandawe Dispensary","Central","Ntchisi","TA Chilooko"
"SA01401","Chinguluwe Health Centre","Central","Salima","TA Karonga"
"SA01402","Chipoka Health Centre","Central","Salima","TA Ndindi"
"SA01403","Chitala Health Centre","Central","Salima","TA Khombedza"
"SA01404","Chisamba Health Centre","Central","Salima","TA Chisamba"
"SA01405","Pemba Health Centre","Central","Salima","TA Pemba"
"SA01406","Khombedza Health Centre","Central","Salima","TA Khombedza"
"SA01407","Lifuwu Health Centre","Central","Salima","TA Kuluunda"
"SA01408","Maganga Health Centre","Central","Salima","TA Maganga"
"SA01409","Makioni Health Centre","Central","Salima","TA Mwanza"
"SA01410","Mchoka Health Centre","Central","Salima","TA Ndindi"
"SA01411","Hope Health Centre","Central","Salima","TA Maganga"
"SA01412","Mnema Health Centre","Central","Salima","TA Makanjira"
"SA01413","Mawale Clinic","Central","Salima","TA Maganga"
"SA01414","Ngodzi Health Centre","Central","Salima","TA Kambalame"
"SA01415","Salima District Hospital","Central","Salima","TA Karonga"
"SA01416","Baptist Medical Clinic","Central","Salima","TA Maganga"
"SA01417","Thavite Health Centre","Central","Salima","TA Mwanza"
"SA01418","Kaphatenga Health Centre","Central","Salima","TA Karonga"
"SA01420","Mafco","Central","Salima","TA Maganga"
"SA01421","Simayiwa Health Centre","Central","Salima","TA Karonga"
"SA01422","Lifeline Health Centre","Central","Salima","TA Kambalame"
"SA01423","Chagunda Health Centre","Central","Salima","TA Kambwiri"
"SA01424","Katawa Health Centre","Central","Salima","TA Karonga"
"SA01425","Parachute Battalion","Central","Salima","TA Kuluunda"
"SA01426","Pothawira Health Centre","Central","Salima","TA Maganga"
"MZ160124","Bwengu Health Centre","Northern","Mzimba North","TA Jalavikuba"
"MZ160309","Choma Health Centre","Northern","Mzimba North","TA Mtwalo"
"MZ160382","Ekwaiweni Dispensary","Northern","Mzimba North","TA Mtwalo"
"MZ160383","Ekwendeni Mission Hospital","Northern","Mzimba North","TA Mtwalo"
"MZ160390","Emsizini Health Centre","Northern","Mzimba North","TA Mtwalo"
"MZ160392","Engucwini Health Centre","Northern","Mzimba North","TA Mtwalo"
"MZ160393","Enukweni Health Centre","Northern","Mzimba North","TA Mtwalo"
"MZ160481","Kabwafu Health Centre","Northern","Mzimba North","TA Mpherembe"
"MZ160493","Kafukule Health Centre","Northern","Mzimba North","TA Mtwalo"
"MZ160530","Kamwe Health Centre","Northern","Mzimba North","TA Mtwalo"
"MZ160613","Kaweche Health Centre","Northern","Mzimba North","TA Mtwalo"
"MZ160736","Luvwere Dispensary","Northern","Mzimba North","TA Mtwalo"
"MZ160743","Luzi Health Centre","Northern","Mzimba North","TA Jalavikuba"
"MZ160812","Malidade Health Centre","Northern","Mzimba North","TA Mpherembe"
"MZ160833","Manolo Health Centre","Northern","Mzimba North","TA Mpherembe"
"MZ160863","Matuli Health Centre","Northern","Mzimba North","TA Mtwalo"
"MZ160986","Moyale Dispensary","Northern","Mzimba North","TA Kabunduli"
"MZ161004","Mpherembe Health Centre","Northern","Mzimba North","TA Mpherembe"
"MZ161040","Mtwalo Health Centre","Northern","Mzimba North","TA Mtwalo"
"MZ161099","Mzuzu Central Hospital","Northern","Mzimba North","TA Mtwalo"
"MZ161100","Mzuzu Urban Community Hospital","Northern","Mzimba North","TA Mtwalo"
"MZ161187","Njuyu Health Centre","Northern","Mzimba North","TA Kampingo Sibande"
"MZ161200","Nkhorongo Health Centre","Northern","Mzimba North","TA Mtwalo"
"MZ161205","Khuyukuyu Health Centre","Northern","Mzimba North","TA Mtwalo"
"MZ161251","Padre Pio Health Centre","Northern","Mzimba North","TA Kampingo Sibande"
"MZ161366","St John's Mission Hospital","Northern","Mzimba North","TA Mtwalo"
"MZ161425","Thunduwike Health Centre","Northern","Mzimba North","TA Mpherembe"
"MZ161535","Enukweni Mission Health Centre","Northern","Mzimba North","TA Mtwalo"
"MZ161819","Zolozolo Health Centre","Northern","Mzimba North","TA Mtwalo"
"MZ161919","Madise Health Centre","Northern","Mzimba North","TA Mtwalo"
"MZ0501","Mzimba District Hospital","Northern","Mzimba South","TA M'mbelwa"
"MZ0502","Euthini Rural Hospital","Northern","Mzimba South","TA Chindi"
"MZ0503","Chikangawa Health Centre","Northern","Mzimba South","TA Kampingo Sibande"
"MZ0504","Emfeni Health Centre","Northern","Mzimba South","TA Mabilabo"
"MZ0505","Edingeni Health Centre","Northern","Mzimba South","TA M'mbelwa"
"MZ0506","Ehehleni Dispensary","Northern","Mzimba South","STA Chiputula Nhlane"
"MZ0507","Embangweni Mission Hospital","Northern","Mzimba South","TA Mzukuzuku"
"MZ0508","Endindeni Health Centre","Northern","Mzimba South","TA Chindi"
"MZ0509","Hoho Health Centre","Northern","Mzimba South","STA Chiputula Nhlane"
"MZ0510","Jenda Rural Hospital","Northern","Mzimba South","STA Chiputula Nhlani"
"MZ0511","Bulala Health Centre","Northern","Mzimba South","TA Chindi"
"MZ0512","Kalikumbi Health Centre","Northern","Mzimba South","TA M'mbelwa"
"MZ0513","Kamteteka Health Centre","Northern","Mzimba South","TA M'mbelwa"
"MZ0514","Katete Community Hospital","Northern","Mzimba South","STA Levi Jere"
"MZ0515","Khosolo Health Centre","Northern","Mzimba South","TA Khosolo"
"MZ0516","Lunjika Health Centre","Northern","Mzimba South","TA Kampingo Sibande"
"MZ0517","Luwawa Health Centre","Northern","Mzimba South","TA Mzikubola"
"MZ0518","Luwerezi Health Centre","Northern","Mzimba South","TA Mabilabo"
"MZ0519","Mabiri Health Centre","Northern","Mzimba South","TA Mzukuzuku"
"MZ0520","Madede Health Centre","Northern","Mzimba South","TA Chindi"
"MZ0521","Manyamula Health Centre","Northern","Mzimba South","TA M'mbelwa"
"MZ0522","Mbalachanda Health Centre","Northern","Mzimba South","TA Chindi"
"MZ0523","Mhalaunda Health Centre","Northern","Mzimba South","TA M'mbelwa"
"MZ0524","Mkoma Health Centre","Northern","Mzimba South","TA Khosolo"
"MZ0525","Msese Health Centre","Northern","Mzimba South","TA Khosolo"
"MZ0526","Mtende Health Centre","Northern","Mzimba South","TA Chindi"
"MZ0527","Mzalangwe Health Centre","Northern","Mzimba South","TA Chindi"
"MZ0528","Mzambazi Community Hospital","Northern","Mzimba South","TA Chindi"
"MZ0530","Kabuwa Health Centre","Northern","Mzimba South","TA Khosolo"
"MZ0531","Raiply Dispensary","Northern","Mzimba South","TA Kampingo Sibande"
"MZ0532","Vibangalala Dispensary","Northern","Mzimba South","TA Mzukuzuku"
"MZ161732","Hora Health Centre","Northern","Mzimba South","TA Mtwalo"
"MZ161733","Engalaweni Health Centre","Northern","Mzimba South","TA M'mbelwa"
"RU 141007","Mphompha Health Centre","Northern","Rumphi","TA Mwankhunikira"
"RU 141377","St Patricks Health Centre","Northern","Rumphi","TA Chikulamayembe"
"RU140107","Bolero Rural Hospital","Northern","Rumphi","TA Chikulamayembe"
"RU140271","Chisimuka Health Centre","Northern","Rumphi","TA Katumbi"
"RU140292","Chitimba Health Centre","Northern","Rumphi","STA Chiwiriwiri"
"RU140470","Jalawe Health Centre","Northern","Rumphi","TA Njikula"
"RU140600","Katowo Rural Hospital","Northern","Rumphi","TA Katumbi"
"RU140702","David Gordon Memorial Mission Hospital","Northern","Rumphi","TA Mwalweni"
"RU140731","Lura Health Centre","Northern","Rumphi","TA Kachulu"
"RU140742","Luwuchi Health Centre","Northern","Rumphi","STA Chimphamba"
"RU140914","Mhuju Rural Hospital","Northern","Rumphi","TA Mwahenga"
"RU140972","Mlowe Health Centre","Northern","Rumphi","TA Mwamlowe"
"RU141087","Kamphenda Health Centre","Northern","Rumphi","TA Chikulamayembe"
"RU141097","Mzokoto Health Centre","Northern","Rumphi","TA Mwankhunikira"
"RU141165","Ng'onga Health Centre","Northern","Rumphi","TA Chisovya"
"RU141229","Nthenje Health Centre","Northern","Rumphi","TA Mwankhunikira"
"RU141302","Rumphi District Hospital","Northern","Rumphi","TA Chikulamayembe"
"RU141395","Tcharo Health Centre","Northern","Rumphi","TA Chapinduka"
"RU141514","Zunga Health Centre","Northern","Rumphi","TA Mwamlowe"
"RU141692","Kanyerere Health Centre","Northern","Rumphi","TA Chikulamayembe"
"BK171935","Khwisa Health Centre","Southern","Balaka","TA Matola"
"BK3601","Balaka District Hospital","Southern","Balaka","TA Nsamala"
"BK3603","Kalembo Health Centre","Southern","Balaka","TA Kalembo"
"BK3604","Kankao Health Centre","Southern","Balaka","TA Chanthunya"
"BK3605","Mbera Health Centre","Southern","Balaka","STA Mbera"
"BK3606","Phalula Health Centre","Southern","Balaka","TA Phalula"
"BK3607","Phimbi Health Centre","Southern","Balaka","TA Phimbi"
"BK3608","Ulongwe Health Centre","Southern","Balaka","TA Kalembo"
"BK3609","Utale 1 Health Centre","Southern","Balaka","TA Nkaya"
"BK3610","Utale 2 Health Centre","Southern","Balaka","TA Nkaya"
"BK3611","Namanolo Dispensary","Southern","Balaka","TA Amidu"
"BK3612","Chiyendausiku Health Centre","Southern","Balaka","TA Nsamala"
"BK3613","Kwitanda Health Centre","Southern","Balaka","TA Nsamala"
"BK3615","Comfort Community Hospital","Southern","Balaka","TA Nsamala"
"BK3616","Nandumbo Health Centre","Southern","Balaka","TA Kalembo"
"BK3617","Mwima Dispensary","Southern","Balaka","TA Amidu"
"BK3626","Chimatiro Health Centre","Southern","Balaka","STA Chimatiro"
"BK3627","Dziwe Dispensary","Southern","Balaka","TA Mpilisi"
"BT240041","Bangwe Community Hospital","Southern","Blantyre","TA Machinjiri"
"BT240136","Chabvala Health Centre","Southern","Blantyre","TA Kunthembwe"
"BT240204","Chileka SDA Mission Hospital","Southern","Blantyre","TA Kuntaja"
"BT240207","Chirimba Dispensary","Southern","Blantyre","TA Machinji"
"BT240216","Chilomoni Community Hospital","Southern","Blantyre","TA Machinjiri"
"BT240227","Chimembe Health Centre","Southern","Blantyre","TA Kuntaja"
"BT240490","Kadidi Health Centre","Southern","Blantyre","TA Kapeni"
"BT240698","Lirangwe Community Hospital","Southern","Blantyre","TA Lundu"
"BT240722","Mitsidi Health Centre","Southern","Blantyre","TA Kuntaja"
"BT240723","Lundu Health Centre","Southern","Blantyre","TA Lundu"
"BT24078","Makata Community Hospital","Southern","Blantyre","TA Makata"
"BT240790","Makhetha Dispensary","Southern","Blantyre","TA Kapeni"
"BT240799","Malabada Mission Hospital","Southern","Blantyre","TA Kapeni"
"BT240900","Mdeka Health Centre","Southern","Blantyre","TA Chigaru"
"BT241158","Ndirande Community Hospital","Southern","Blantyre","TA Kapeni"
"BT241260","Pensulo Health Centre","Southern","Blantyre","TA Kuntaja"
"BT241293","Queen Elizabeth Central Hospital","Southern","Blantyre","TA Kapeni"
"BT241336","Soche Maternity Health Centre","Southern","Blantyre","TA Somba"
"BT241504","Zingwangwa Community Hospital","Southern","Blantyre","TA Kapeni"
"BT241520","Ntonda Dispensary","Southern","Blantyre","TA Somba"
"BT241521","Kachere Dispensary","Southern","Blantyre","TA Machinjiri"
"BT241522","Khungulu Dispensary","Southern","Blantyre","TA Kuntaja"
"BT241884","Nancholi Community Hospital","Southern","Blantyre","TA Somba"
"BT241917","Chipande Health Centre","Southern","Blantyre","TA Machinjiiri"
"BT24202","Chileka Community Hospital","Southern","Blantyre","TA Kuntanja"
"BT242135","Manase Dispensary","Southern","Blantyre","TA Somba"
"BT2903","Chikowa Community Hospital","Southern","Blantyre","TA Kunthembwe"
"BT2907","Dziwe Health Centre","Southern","Blantyre","TA Kuntaja"
"BT2908","Limbe Community Hospital","Southern","Blantyre","TA Kapeni"
"BT2911","Madziabango Health Centre","Southern","Blantyre","TA Somba"
"BT2915","Mlambe Mission Hospital","Southern","Blantyre","TA Kapeni"
"BT2916","Mpemba Community Hospital","Southern","Blantyre","TA Somba"
"BT2917","Namikoko Health Centre","Southern","Blantyre","TA Lundu"
"BT2925","South Lunzu Community Hospital","Southern","Blantyre","TA Machinjiri"
"BT2945","Gateway Clinic","Southern","Blantyre","TA Kapeni"
"BT2963","Mbayani Dispensary","Southern","Blantyre","TA Machinjiri"
"BT2978","Lighthouse Health Centre","Southern","Blantyre","TA Chigaru"
"BT2979","St Vincent Mission Hospital","Southern","Blantyre","TA Somba"
"BT2996","Mpingo Health Centre","Southern","Blantyre","TA Somba"
"BT5077","Ameca Health Centre","Southern","Blantyre","TA Machinjiri"
"MG2501","Chikole Health Centre","Southern","Mangochi","TA Chowe"
"MG2502","Chilipa Health Centre","Southern","Mangochi","TA Chilipa"
"MG2503","Chiumbangame Health Centre","Southern","Mangochi","TA Jalasi"
"MG2504","Jalasi Health Centre","Southern","Mangochi","TA Jalasi"
"MG2505","Kapire Health Centre","Southern","Mangochi","TA Chilipa"
"MG2506","Katema Health Centre","Southern","Mangochi","TA Mponda"
"MG2507","Katuli Health Centre","Southern","Mangochi","TA Katuli"
"MG2508","Koche Community Hospital","Southern","Mangochi","STA Mambo"
"MG2509","Kukalanga Health Centre","Southern","Mangochi","TA Chimwala"
"MG2510","Lugola Health Centre","Southern","Mangochi","TA Chilawe"
"MG2511","Lulanga Health Centre","Southern","Mangochi","TA Lulanga"
"MG2512","Lungwena Health Centre","Southern","Mangochi","TA Namabvi"
"MG2513","Luwalika Health Centre","Southern","Mangochi","TA Katuli"
"MG2514","Makanjira Health Centre","Southern","Mangochi","TA Makanjira"
"MG2515","Malembo Health Centre","Southern","Mangochi","TA Namkumba"
"MG2516","St Martins Mission Hospital","Southern","Mangochi","STA Makumba"
"MG2517","Mangochi District Hospital","Southern","Mangochi","TA Mponda"
"MG2518","Mase Health Centre","Southern","Mangochi","TA Chowe"
"MG2519","Mkumba Health Centre","Southern","Mangochi","TA Bwananyambi"
"MG2520","Monkeybay Community Hospital","Southern","Mangochi","TA Namkumba"
"MG2521","Mpondasi Health Centre","Southern","Mangochi","TA Mponda"
"MG2522","Namalaka Health Centre","Southern","Mangochi","TA Namabvi"
"MG2523","Namwera Health Centre","Southern","Mangochi","TA Jalasi"
"MG2524","Nancholi Dispensary","Southern","Mangochi","TA Bwananyambi"
"MG2525","Nangalamu Health Centre","Southern","Mangochi","TA Bwananyambi"
"MG2526","Nankhwali Health Centre","Southern","Mangochi","STA Kapichi"
"MG2527","Namkumba Health Centre","Southern","Mangochi","TA Namkumba"
"MG2528","Nkope Health Centre","Southern","Mangochi","TA Namkumba"
"MG2529","Phirilongwe Health Centre","Southern","Mangochi","TA Ntonda"
"MG2530","Sr Martha Health Centre","Southern","Mangochi","TA Jalasi"
"MG2531","Mulibwanji Community Hospital","Southern","Mangochi","TA Bwananyambi"
"MG2532","Chiponde Health Centre","Southern","Mangochi","STA Chiponde"
"MG2533","Chiunda Health Centre","Southern","Mangochi","TA Chiunda"
"MG2534","Iba Health Centre","Southern","Mangochi","TA Jalasi"
"MG2535","Kadango Health Centre","Southern","Mangochi","TA Namabvi"
"MG2536","Malombe Health Centre","Southern","Mangochi","TA Chowe"
"MG2537","Mtimabi Health Centre","Southern","Mangochi","TA Chimwala"
"MG2538","Sinyala Dispensary","Southern","Mangochi","TA Bwananyambi"
"MG2539","Assalam Health Centre","Southern","Mangochi","TA Chimwala"
"MG2540","Ngapani Health Centre","Southern","Mangochi","TA Katuli"
"MG2541","Chilonga Health Centre","Southern","Mangochi","TA Namkumba"
"MG2542","Malukula Health Centre","Southern","Mangochi","TA Chowe"
"MG2543","Mkucingajwambone Health Centre","Southern","Mangochi","TA Chowe"
"MG2550","Maleta Dispensary","Southern","Mangochi","TA Katuli"
"MG2556","Mbalama Health Centre","Southern","Mangochi","TA Bwananyambi"
"MG2564","Mamakhadija Health Centre","Southern","Mangochi","TA Jalasi"
"MG2567","Billy Riordan Mission Hospital","Southern","Mangochi","TA Namkumba"
"MG2574","Njereza Dispensary","Southern","Mangochi","STA Mambo"
"MG2579","Somba Health Centre","Southern","Mangochi","TA Bwananyambi"
"MG2582","Maganga Dispensary","Southern","Mangochi","TA Hamisi Makanjira"
"MG2586","Mehboob Community Hospital","Southern","Mangochi","STA Mambo"
"MG2593","St Mary's Community Hospital","Southern","Mangochi","TA Chimwala"
"MG2594","Cape Maclear Dispensary","Southern","Mangochi","TA Namkumba"
"MG2595","Namalweso Health Centre","Southern","Mangochi","TA Chilawe"
"MG2599","Msaka Dispensary","Southern","Mangochi","STA Kapichi"
"TH0","Khwethemule Health Post","Southern","Thyolo","TA Khwethemule"
"TH0160","Kasembeleka Dispensary","Southern","Thyolo","TA Khwethemule"
"TH3101","Makungwa Health Centre","Southern","Thyolo","TA Bvumbwe"
"TH3102","Bvumbwe Health Centre","Southern","Thyolo","TA Bvumbwe"
"TH310205","Chilengo Dispensary","Southern","Thyolo","TA Mphuka"
"TH3103","Changata Health Centre","Southern","Thyolo","TA Changata"
"TH3104","Chimaliro Health Centre","Southern","Thyolo","TA Chimaliro"
"TH3105","Chimvu Health Centre","Southern","Thyolo","TA Boidi"
"TH3106","Chingazi Rural Hospital","Southern","Thyolo","TA Chimaliro"
"TH3107","Gombe Health Centre","Southern","Thyolo","TA Thukuta"
"TH3108","Ntambanyama Health Centre","Southern","Thyolo","TA Khwethemule"
"TH3109","Khonjeni Health Centre","Southern","Thyolo","TA Kapichi"
"TH3110","Makapwa Health Centre","Southern","Thyolo","TA Kapichi"
"TH3111","Malamulo Mission Hospital","Southern","Thyolo","TA Khwethemule"
"TH3112","Mangunda Health Centre","Southern","Thyolo","TA Nanseta"
"TH3113","Mbalanguzi Dispensary","Southern","Thyolo","TA Mbawera"
"TH311316","Sandama Health Post","Southern","Thyolo","TA Mbawera"
"TH3114","Mikolongwe Health Centre","Southern","Thyolo","TA Chimaliro"
"TH3115","Nkhataombere Dispensary","Southern","Thyolo","TA Nsabwe"
"TH3116","Nsabwe Dispensary","Southern","Thyolo","TA Nsabwe"
"TH3117","Mitengo Health Centre","Southern","Thyolo","TA Kapichi"
"TH3118","St Martin Molere Health Centre","Southern","Thyolo","TA Changata"
"TH3119","Thekerani Rural Hospital","Southern","Thyolo","TA Nsabwe"
"TH311915","Lomola Health Centre","Southern","Thyolo","TA Ndalama"
"TH311916","Thowera Health Centre","Southern","Thyolo","TA Ndalama"
"TH3120","Thomas Health Centre","Southern","Thyolo","TA Mpenda"
"TH3121","Conforzi Clinic","Southern","Thyolo","TA Nchilamwera"
"TH312133","Njale Health Centre","Southern","Thyolo","STA Mlenga"
"TH3122","Zoa Health Centre","Southern","Thyolo","TA Mbawera"
"TH3124","Chipho Health Centre","Southern","Thyolo","TA Nsabwe"
"TH3125","Mapanga Health Centre","Southern","Thyolo","TA Mbawera"
"TH3126","Amalika Dispensary","Southern","Thyolo","TA Bvumbwe"
"TH3127","Chinthebe Dispensary","Southern","Thyolo","TA Ngomano"
"TH3129","Didi Health Centre","Southern","Thyolo","TA Mphuka"
"TH3132","Mafisi Dispensary","Southern","Thyolo","TA Kapichi"
"TH3141","Mianga Health Centre","Southern","Thyolo","STA Mlenga"
"TH3143","Chisunga Dispensary","Southern","Thyolo","TA Bvumbwe"
"TH3144","Satemwa Health Centre","Southern","Thyolo","STA Mlenga"
"TH3150","Makwasa Clinic","Southern","Thyolo","TA Khwethemule"
"THY3141","Mianga Health Centre","Southern","Thyolo","STA Mlenga"
"ZA2701","Bimbi Health Centre","Southern","Zomba","TA Kuntumanje"
"ZA2702","Chamba Health Centre","Southern","Zomba","TA Mwambo"
"ZA2703","Chilipa Health Centre","Southern","Zomba","TA Nkapita"
"ZA2704","Chingale Health Centre","Southern","Zomba","TA Namadidi"
"ZA2705","Chipini Health Centre","Southern","Zomba","TA Namadidi"
"ZA2706","Domasi Rural Hospital","Southern","Zomba","TA Malemia"
"ZA2707","H Parker Health Centre","Southern","Zomba","TA Malemia"
"ZA2708","Lambulira Health Centre","Southern","Zomba","TA Chikowi"
"ZA2709","Likangala Health Centre","Southern","Zomba","TA Lamusi"
"ZA2710","Magomero Health Centre","Southern","Zomba","STA Ntholowa"
"ZA2711","Makwapala Health Centre","Southern","Zomba","TA Nkagula"
"ZA2712","Matiya Health Centre","Southern","Zomba","TA Lamusi"
"ZA2713","Mayaka Health Centre","Southern","Zomba","STA Mwembere"
"ZA2714","Namasalima Health Centre","Southern","Zomba","TA Kuntumanje"
"ZA2715","Namikango Health Centre","Southern","Zomba","TA Mlumbe"
"ZA2716","Ngwelero Health Centre","Southern","Zomba","TA Ngwelero"
"ZA2717","Nkasala Health Centre","Southern","Zomba","TA Nkapita"
"ZA2718","Pirimiti Community Hospital","Southern","Zomba","TA Mwambo"
"ZA2719","St Lukes Mission Hospital","Southern","Zomba","TA Malemia"
"ZA2721","Thondwe Dispensary","Southern","Zomba","TA Mlumbe"
"ZA2722","Zomba Central Hospital","Southern","Zomba","TA Chikowi"
"ZA2723","City Health Centre","Southern","Zomba","TA Chikowi"
"ZA2724","Matawale Health Centre","Southern","Zomba","TA Mwambo"
"ZA2725","Nasawa Health Centre","Southern","Zomba","STA Ntholowa"
"ZA2728","Police Community Hospital","Southern","Zomba","TA Chikowi"
"ZA2729","Cobbe Barracks Health Centre","Southern","Zomba","TA Mlumbe"
"ZA2730","Zomba Central Prison Clinic","Southern","Zomba","TA Mlumbe"
"ZA2731","Mmambo Health Centre","Southern","Zomba","TA Nkapita"
"ZA2732","Naisi Health Centre","Southern","Zomba","TA Malemia"
"ZA2733","Machinjiri Health Centre","Southern","Zomba","TA Malemia"
"ZA2734","Sadzi Health Centre","Southern","Zomba","TA Chikowi"
"ZA2735","Zilindo Health Centre","Southern","Zomba","TA Mlumbe"
"ZA2736","Namadidi Health Centre","Southern","Zomba","TA Mlumbe"
"ZA2737","Chisi Health Centre","Southern","Zomba","TA Mkumbira"
"ZA2738","Mwandama Health Centre","Southern","Zomba","TA Mlumbe"
"ZA2739","Maera Health Centre","Southern","Zomba","TA Mlumbe"
"ZA2740","Changalume Barracks Health Centre","Southern","Zomba","TA Namadidi"
"ZA2760","Chanco Clinic","Southern","Zomba","TA Chikowi"
"ZA2768","Masm Med Clinic","Southern","Zomba","TA Malemia"
"ZA2774","Chuluchosema Health Centre","Southern","Zomba","TA Chikowi"
"ZA2775","Makina Health Centre","Southern","Zomba","TA Lamusi"
"ZA2776","St Robert Health Centre","Southern","Zomba","TA Mwambo"
"ZA2777","Khanda Health Centre","Southern","Zomba","TA Nkagula"